Source	Target	Weight_Source_Target	Weight_Target_Source	Annotation
osteoarthritis	chronic_pain	38	2	TBD
economic_crisis	problem	14	4	TBD
car_accident	injury	401	9	TBD
malaria	anaemia	29	2	TBD
condition	liver_disease	44	3	TBD
asthma	symptom	148	7	TBD
oxidative_stress	cellular_damage	18	4	TBD
negative_feeling	stress	47	5	TBD
muscular_tension	headache	15	2	TBD
stress	anxiety	303	74	TBD
disease	lameness	327	6	TBD
change	confusion	125	3	TBD
chronic_pain	disability	41	2	TBD
gene	tumor	12	2	TBD
diarrhea	dehydration	565	12	TBD
stress	damage	443	9	TBD
infection	pelvic_inflammatory_disease	38	3	TBD
stress	hormonal_fluctuation	6	2	TBD
wind	change	10	3	TBD
condition	feeling	32	4	TBD
sore_throat	cough	7	2	TBD
carbon_dioxide	climate_change	59	5	TBD
adhd	behavior	70	2	TBD
autoimmune_disease	inflammation	61	15	TBD
head_injury	trauma	11	3	TBD
psoriasis	condition	20	3	TBD
habit	depression	8	2	TBD
condition	fluid_retention	17	3	TBD
side_effect	injury	130	4	TBD
inflammation	headache	57	4	TBD
psoriasis	dry_skin	15	2	TBD
economic_freedom	political_freedom	10	2	TBD
sinusitis	symptom	148	5	TBD
change	failure	36	3	TBD
smoking	mouth_cancer	17	3	TBD
malnutrition	damage	17	3	TBD
infection	stress	25	8	TBD
complication	problem	335	42	TBD
depression	feeling_of_sadness	32	8	TBD
high_blood_pressure	heart_attack	381	3	TBD
illness	suffering	94	9	TBD
premature_birth	complication	31	2	TBD
high_level	heart_disease	22	3	TBD
smoking	condition	70	9	TBD
corruption	problem	33	2	TBD
phytoplankton	red_tide	6	2	TBD
arthritis	problem	89	8	TBD
candida	symptom	34	2	TBD
condition	fever	39	10	TBD
disorder	abnormality	24	5	TBD
metabolic_syndrome	type_2_diabetes	20	3	TBD
drug	qt_prolongation	19	2	TBD
depression	chronic_insomnia	27	9	TBD
anxiety	eating_disorder	17	4	TBD
fear	tension	87	3	TBD
oxidation	inflammation	13	2	TBD
constipation	hard_stool	37	7	TBD
war	revolution	28	4	TBD
illness	absence	151	2	TBD
weakness	sin	42	9	TBD
defect	loss	19	3	TBD
stress	dizziness	10	3	TBD
global_warming	environmental_degradation	15	4	TBD
injury	concussion	24	3	TBD
alcohol_abuse	condition	11	2	TBD
stress	high_blood_pressure	240	20	TBD
dust_mite	allergy	65	20	TBD
antibody	disease	21	5	TBD
event	trigger	9	2	TBD
inactivity	boredom	9	2	TBD
climate_change	impact	34	2	TBD
water	damage	587	3	TBD
dehydration	cramping	12	2	TBD
behaviour	problem	61	11	TBD
stress	hormonal_change	35	5	TBD
cancer	syndrome	12	3	TBD
child_abuse	problem	26	5	TBD
power	strength	11	2	TBD
condition	kidney_failure	179	3	TBD
lesion	condition	15	3	TBD
error	problem	462	57	TBD
enthusiasm	success	12	4	TBD
illness	hair_loss	178	5	TBD
absence	depression	7	2	TBD
diabetes	serious_complication	161	2	TBD
side_effect	obesity	11	3	TBD
disease	osteoporosis	27	5	TBD
stress	burnout	191	5	TBD
stress	disorder	90	8	TBD
anxiety	insomnia	247	52	TBD
occupational_exposure	lung_cancer	9	3	TBD
suicide	loss	18	3	TBD
obsession	anxiety	117	6	TBD
poor_nutrition	disease	66	4	TBD
pesticide	cancer	140	31	TBD
brain_injury	seizure	20	4	TBD
high_blood_pressure	symptom	48	5	TBD
clear_thinking	clear_writing	10	3	TBD
infection	fever	360	5	TBD
virus	influenza	189	8	TBD
uncontrolled_cell_growth	cancer	33	5	TBD
medical_condition	pain	65	3	TBD
damage	cell_death	23	2	TBD
infection	genital_wart	52	3	TBD
smoking	problem	141	7	TBD
music	emotion	56	2	TBD
severe_thunderstorm	tornado	23	6	TBD
bacteria	skin_infection	133	5	TBD
neck_pain	headache	30	10	TBD
hormonal_imbalance	acne	179	9	TBD
tinnitus	irritation	74	4	TBD
stress	free_radical	47	6	TBD
allergen	allergy	51	2	TBD
high_blood_pressure	kidney_problem	17	3	TBD
discrepancy	confusion	19	2	TBD
injury	scarring	46	5	TBD
anxiety_disorder	symptom	97	10	TBD
pcbs	cancer	64	7	TBD
damage	cancer	267	45	TBD
error	frustration	14	2	TBD
misunderstanding	problem	85	3	TBD
infection	blindness	85	3	TBD
delay	death	82	6	TBD
event	situation	39	2	TBD
activity	fear	9	2	TBD
obesity	asthma	31	4	TBD
greenhouse_gas	climate_change	219	22	TBD
stress	stuttering	21	2	TBD
heart_trouble	illness	12	3	TBD
problem	distress	19	2	TBD
alcohol_abuse	problem	222	10	TBD
pain	suffering	53	12	TBD
malaria	anemia	160	5	TBD
stress	behaviour	9	3	TBD
bacteria	tetanus	79	2	TBD
observation	experiment	8	2	TBD
eczema	dry_skin	116	12	TBD
kidney	death	18	4	TBD
abnormality	cancer	15	5	TBD
pneumonia	heart_failure	7	1	TBD
drug	aid	37	2	TBD
stress	alcohol	16	3	TBD
medical_condition	tinnitus	29	6	TBD
shift	change	11	2	TBD
upset_stomach	symptom	31	6	TBD
disease	erectile_dysfunction	144	3	TBD
anxiety	migraine	50	4	TBD
anger	war	15	2	TBD
motion_sickness	nausea	208	3	TBD
identity_theft	fraud	8	2	TBD
litigation	uncertainty	13	3	TBD
flood	mudslide	6	2	TBD
air_pollution	climate_change	58	8	TBD
malaria	disease	25	5	TBD
poverty	crisis	7	2	TBD
medical_problem	high_blood_pressure	21	2	TBD
miscommunication	problem	39	4	TBD
illness	weakness	11	3	TBD
discussion	change	12	3	TBD
dehydration	dry_mouth	49	3	TBD
relationship	problem	52	14	TBD
complication	kidney_failure	61	7	TBD
bacteria	dental_plaque	40	3	TBD
bacteria	food_poisoning	217	12	TBD
drug	hallucination	111	13	TBD
heart_attack	stroke	56	12	TBD
struggle	death	8	2	TBD
substance_abuse	neglect	6	2	TBD
hormone	acne	128	6	TBD
pressure	problem	69	5	TBD
disease	hearing_loss	41	3	TBD
oxidative_damage	disease	44	6	TBD
anger	anxiety	31	10	TBD
deficiency	poor_nutrition	10	2	TBD
event	accident	73	6	TBD
poverty	crime	243	50	TBD
noise	change	7	2	TBD
contamination	failure	40	2	TBD
abortion	death	128	2	TBD
heavy_drinking	depression	9	3	TBD
bacterial_infection	inflammation	93	9	TBD
injury	infection	83	25	TBD
virus	cancer	637	89	TBD
folate_deficiency	depression	30	4	TBD
error	corruption	23	4	TBD
hypoxia	disease	10	3	TBD
lactic_acid	muscle_pain	9	3	TBD
bacteria	tartar	17	2	TBD
obesity	complication	111	7	TBD
disease	fever	94	8	TBD
seizure	damage	10	3	TBD
relationship	stress	42	4	TBD
muscle_stiffness	pain	9	2	TBD
money	war	10	2	TBD
bpa	cancer	32	3	TBD
anemia	weakness	57	6	TBD
change	problem	353	11	TBD
conflict	violence	96	6	TBD
disaster	damage	179	5	TBD
condition	poor_health	10	2	TBD
virus	disease	1772	95	TBD
negative_thought	depression	20	4	TBD
death	suffering	44	10	TBD
diet	cancer	43	4	TBD
depression	mental_illness	43	7	TBD
sunburn	damage	8	2	TBD
pressure	stress	64	13	TBD
disruption	disease	24	3	TBD
side_effect	birth_defect	14	3	TBD
friction	heat	639	4	TBD
landslide	damage	74	2	TBD
impact	fire	11	3	TBD
investment	growth	27	7	TBD
condition	pneumonia	25	2	TBD
illness	osteoporosis	19	2	TBD
fibromyalgia	sleep_disturbance	13	4	TBD
tension	muscle_pain	8	2	TBD
activity	death	67	3	TBD
poverty	terrorism	166	3	TBD
mutation	phenotype	56	2	TBD
contamination	illness	34	2	TBD
bacteria	inflammation	269	3	TBD
dieting	obesity	10	2	TBD
infection	damage	320	6	TBD
menstruation	hormonal_change	25	2	TBD
policy	problem	39	5	TBD
diabetes	nerve_damage	457	3	TBD
health_issue	problem	12	3	TBD
schizophrenia	delusion	21	2	TBD
infection	nerve_damage	7	2	TBD
diabetes	atherosclerosis	31	9	TBD
civil_war	death	51	10	TBD
impact	tsunami	10	3	TBD
failure	growth	7	2	TBD
depression	suicide	837	37	TBD
ignorance	sin	79	3	TBD
drug	death	614	5	TBD
pcos	weight_gain	36	3	TBD
side_effect	anxiety	18	3	TBD
high_insulin_level	insulin_resistance	36	8	TBD
lethargy	death	11	2	TBD
high_blood_sugar	complication	10	3	TBD
nausea	discomfort	49	3	TBD
disorder	mania	16	5	TBD
delay	injury	16	2	TBD
anemia	problem	67	9	TBD
success	promotion	6	2	TBD
asthma	bronchoconstriction	41	3	TBD
problem	infertility	200	15	TBD
greenhouse_gas	global_warming	438	39	TBD
weight_loss	problem	226	3	TBD
anxiety	high_blood_pressure	19	3	TBD
conflict	frustration	27	6	TBD
anxiety	sexual_dysfunction	15	5	TBD
change	feeling	10	3	TBD
complication	nerve_damage	11	2	TBD
anxiety	panic	15	4	TBD
back_pain	symptom	14	2	TBD
economic_growth	inflation	13	3	TBD
behavior	pain	54	18	TBD
emotional_pain	physical_pain	28	2	TBD
virus	allergy	14	2	TBD
osteopenia	osteoporosis	25	6	TBD
syndrome	symptom	42	12	TBD
emission	cancer	20	4	TBD
severe_pain	shock	6	2	TBD
disease	harm	30	2	TBD
imbalance	anxiety	88	5	TBD
co2	warming	379	3	TBD
damage	pain	113	9	TBD
environment	problem	26	2	TBD
event	disease	6	2	TBD
diabetes	high_blood_pressure	71	22	TBD
crisis	stress	15	4	TBD
blockage	illness	58	2	TBD
thought	emotion	45	4	TBD
disease	shock	15	2	TBD
bodily_injury	damage	31	2	TBD
condition	carpal_tunnel_syndrome	17	2	TBD
anxiety	burnout	17	4	TBD
dizziness	nausea	26	3	TBD
pregnancy	high_blood_pressure	65	2	TBD
diabetes	psychological_stress	28	3	TBD
search	arrest	6	2	TBD
defect	accident	174	21	TBD
chemical	problem	149	3	TBD
condition	heart_disease	86	16	TBD
sin	pain	106	5	TBD
ignorance	disease	35	4	TBD
infection	abnormality	12	2	TBD
menopause	hormonal_imbalance	46	7	TBD
cirrhosis	portal_hypertension	24	2	TBD
osteoporosis	fracture	396	11	TBD
therapy	side_effect	61	3	TBD
problem	instability	40	7	TBD
side_effect	dizziness	32	8	TBD
decision	problem	14	2	TBD
pregnancy	hormonal_change	291	16	TBD
aging_process	damage	20	5	TBD
love	obedience	15	4	TBD
diabetes	blood_sugar_level	16	5	TBD
hpv	genital_wart	292	4	TBD
side_effect	high_blood_pressure	6	2	TBD
chronic_pain	depression	131	16	TBD
rosacea	inflammation	26	3	TBD
infection	disorder	32	4	TBD
withdrawal	symptom	53	2	TBD
chemotherapy	cancer	33	9	TBD
health_problem	complication	14	2	TBD
drug	condition	248	28	TBD
sleep_disorder	depression	49	11	TBD
weakness	failure	28	2	TBD
fear	desperation	12	4	TBD
exercise	stress	48	4	TBD
hyponatremia	water_intoxication	13	4	TBD
illness	fever	120	15	TBD
pain	difficulty	84	3	TBD
hypothyroidism	obesity	15	5	TBD
abortion	problem	23	2	TBD
aging	damage	370	60	TBD
immune_system	disease	48	9	TBD
disease	anxiety	34	9	TBD
injury	cerebral_palsy	34	2	TBD
complication	serious_illness	38	4	TBD
germ	disease	331	82	TBD
disorder	pain	127	13	TBD
poverty	high_birth_rate	14	2	TBD
magnetic_field	sunspot	6	2	TBD
stroke	seizure	16	5	TBD
stroke	fall	13	3	TBD
damage	serious_problem	18	4	TBD
drug	weight_gain	190	4	TBD
heart_attack	death	1290	5	TBD
excess_weight	diabetes	26	2	TBD
sex	death	21	2	TBD
war	isolationism	7	2	TBD
bacteria	spoilage	34	2	TBD
inflammation	health_condition	19	4	TBD
blood_clot	complication	37	6	TBD
diabetes	heart_disease	303	15	TBD
virus	aid	3638	13	TBD
tension	pain	152	45	TBD
toothache	pain	60	10	TBD
fear	violence	68	18	TBD
allergy	asthma	236	29	TBD
shortage	problem	12	3	TBD
activity	problem	76	2	TBD
distortion	problem	12	2	TBD
video_game	violence	56	2	TBD
illness	vomiting	65	5	TBD
vandalism	damage	790	3	TBD
growth	increase	17	4	TBD
change	depression	44	12	TBD
depression	behavior	57	19	TBD
sleep_deprivation	depression	267	2	TBD
chemical_change_in_the_brain	depression	23	2	TBD
thunderstorm	hail	21	6	TBD
damage	ulcer	47	4	TBD
change	reduction	16	2	TBD
stress	pain	264	64	TBD
disruption	problem	36	2	TBD
sebum	acne	24	2	TBD
bruxism	dental_problem	9	2	TBD
storm	high_wind	94	5	TBD
menopause	anxiety	34	3	TBD
chemotherapy	side_effect	235	13	TBD
greenhouse_effect	global_warming	124	10	TBD
infection	damage_to_the_immune_system	9	2	TBD
hatred	war	24	7	TBD
communism	dictatorship	13	2	TBD
bacterium	ulcer	134	3	TBD
tobacco	cancer	402	2	TBD
defect	cancer	11	3	TBD
stress	irritable_bowel_syndrome	32	6	TBD
accident	disability	259	2	TBD
hpv	cervical_cancer	752	16	TBD
rheumatoid_arthritis	pain	957	27	TBD
drug	problem	585	9	TBD
gas	global_warming	36	3	TBD
accident	death	2828	9	TBD
situation	tension	21	6	TBD
problem	hair_loss	36	6	TBD
abuse	problem	76	21	TBD
sin	illness	102	3	TBD
dementia	symptom	49	6	TBD
condition	crash	16	2	TBD
stress	bad_habit	14	2	TBD
change	issue	29	6	TBD
obesity	hormone_imbalance	6	2	TBD
depression	ed	88	17	TBD
radiation	damage	886	2	TBD
emotion	depression	24	6	TBD
issue	delay	30	4	TBD
burn	injury	51	10	TBD
atrial_fibrillation	heart_failure	19	5	TBD
poverty	environmental_destruction	33	5	TBD
condition	mental_illness	7	2	TBD
constipation	bloating	15	2	TBD
epilepsy	disorder	12	4	TBD
chemical_imbalance	depression	214	15	TBD
disease	scar	25	3	TBD
serious_health_problem	death	55	2	TBD
disease	epidemic	26	3	TBD
asbestos	cancer	395	7	TBD
dementia	confusion	16	4	TBD
histamine	headache	33	2	TBD
syndrome	condition	8	2	TBD
confusion	anger	25	2	TBD
hiv	condition	22	6	TBD
event	fear	18	3	TBD
alzheimer_’_s_disease	memory_loss	27	6	TBD
overeating	obesity	78	3	TBD
mental_illness	violence	26	7	TBD
pain	insomnia	43	9	TBD
injury	bruise	12	2	TBD
fever	symptom	37	10	TBD
asbestos_exposure	cancer	237	5	TBD
change	atherosclerosis	9	2	TBD
disease	allele	17	4	TBD
tooth_decay	cavity	13	4	TBD
ignorance	fear	105	10	TBD
cholesterol	atherosclerosis	63	2	TBD
obesity	increased_risk	28	3	TBD
virus	illness	806	8	TBD
high_blood_pressure	kidney_failure	136	7	TBD
debris	accident	14	3	TBD
tick	lyme_disease	23	3	TBD
stone	infection	27	5	TBD
menopause	hormonal_change	210	27	TBD
anxiety	sleeplessness	18	3	TBD
medical_condition	inflammation	10	3	TBD
illness	damage	179	14	TBD
injury	wrongful_death	19	6	TBD
pain	vomiting	20	5	TBD
acne	inflammation	208	38	TBD
depression	cognitive_impairment	15	3	TBD
blood_clot	deep_vein_thrombosis	30	7	TBD
infective_endocarditis	valvular_heart_disease	3	1	TBD
mistake	problem	46	2	TBD
bacteria	fungus	12	3	TBD
red	blood	34	5	TBD
fever	exhaustion	6	2	TBD
anxiety	tension	35	8	TBD
competition	conflict	14	2	TBD
obstruction	symptom	38	5	TBD
colon_cancer	constipation	67	19	TBD
medical_problem	pain	47	5	TBD
stress	illness	514	114	TBD
injustice	violence	48	3	TBD
stock_market_crash	depression	22	5	TBD
asthma	cough	39	3	TBD
condition	irritation	59	12	TBD
steatosis	insulin_resistance	21	7	TBD
infection	lymphedema	23	6	TBD
divorce	change	33	3	TBD
action	chaos	20	2	TBD
high_blood_pressure	depression	16	5	TBD
bronchitis	sore_throat	14	2	TBD
infertility	depression	28	5	TBD
drug_use	neglect	8	2	TBD
evolution	intelligence	17	3	TBD
inflation	recession	27	9	TBD
human_papilloma_virus	cervical_cancer	320	6	TBD
treatment	problem	79	9	TBD
emotion	action	84	6	TBD
ignorance	confusion	42	2	TBD
disruption_in_the_body_'s_energy_system	negative_emotion	95	2	TBD
abuse	anger	9	3	TBD
cmes	flare	14	3	TBD
bacterium	acne	29	2	TBD
stress	headache	388	16	TBD
event	failure	28	2	TBD
inflammation	redness	130	6	TBD
food	problem	137	3	TBD
issue	confusion	10	2	TBD
periodontal_disease	bad_breath	65	10	TBD
down_syndrome	problem	10	2	TBD
depression	physiological_change	6	2	TBD
grief	suicide	8	2	TBD
wound	disease	9	2	TBD
plaque	tooth_decay	48	3	TBD
pancreatic_cancer	diabetes	20	4	TBD
failure	disaster	29	5	TBD
weight_gain	obesity	73	2	TBD
bacteria	diarrhea	308	9	TBD
infection	mortality	180	5	TBD
bacteria	disease	1540	307	TBD
war	depression	15	5	TBD
bacteria	biofilms	7	2	TBD
sleep_apnea	weight_gain	12	4	TBD
loss	expense	13	2	TBD
stress	muscle_tension	117	5	TBD
accident	injury	3039	25	TBD
inflammation	anemia	21	5	TBD
condition	complication	374	13	TBD
renal_disease	hypertension	26	6	TBD
injury	harm	28	3	TBD
stiffness	problem	12	2	TBD
event	death	412	22	TBD
hot_flash	irritability	5	1	TBD
yeast	disease	35	5	TBD
hatred	conflict	16	3	TBD
isolation	depression	176	15	TBD
muscle_imbalance	injury	61	2	TBD
love	marriage	43	5	TBD
decision	action	132	2	TBD
panic	death	20	5	TBD
blockage	inflammation	14	4	TBD
climate_change	increased_temperature	15	3	TBD
high_blood_pressure	health_problem	35	7	TBD
dandruff	itchy_scalp	7	2	TBD
fever	headache	89	12	TBD
protest	violence	48	6	TBD
cholesterol	heart_disease	217	3	TBD
issue	death	20	6	TBD
war	economic_crisis	23	2	TBD
poverty	death	55	3	TBD
prostitution	violence	17	2	TBD
mental_illness	homelessness	66	6	TBD
infection	peptic_ulcer	82	2	TBD
circumstance	damage	17	2	TBD
free_radical	oxidative_stress	157	2	TBD
constipation	diarrhea	9	2	TBD
repentance	forgiveness	21	5	TBD
phenomenon	problem	17	4	TBD
memory	pain	20	5	TBD
stress	hormone_imbalance	8	2	TBD
support	success	13	3	TBD
violence	chaos	9	3	TBD
strabismus	condition	8	2	TBD
organism	diarrhea	28	3	TBD
weakness	back_pain	8	2	TBD
skin_disorder	inflammation	14	2	TBD
disturbance	problem	6	2	TBD
bleeding	stroke	35	2	TBD
respiratory_failure	death	502	6	TBD
disconnection	problem	15	2	TBD
increase_in_demand	increase_in_price	14	4	TBD
brain_injury	epilepsy	23	2	TBD
ccsvi	m	21	3	TBD
pain	discomfort	63	11	TBD
diabetes	complication	797	16	TBD
pregnancy	medical_condition	6	2	TBD
skin_damage	skin_cancer	78	7	TBD
injury	damage	444	50	TBD
infection	complication	282	20	TBD
disease	dementia	137	7	TBD
germ	illness	108	13	TBD
antigen	disease	8	2	TBD
injury	increase	11	2	TBD
chain_reaction	death	11	2	TBD
anger	bitterness	11	2	TBD
opportunity	success	10	3	TBD
migraine	aura	33	3	TBD
infection	pain	358	12	TBD
heart_failure	shock	71	10	TBD
bacteria	bad_breath	354	17	TBD
irritation	mesothelioma	11	3	TBD
error	delay	61	3	TBD
cancer_treatment	side_effect	221	29	TBD
parasite	disease	637	39	TBD
negative_thought	negative_emotion	17	4	TBD
poverty	undernutrition	7	2	TBD
depression	financial_difficulty	9	2	TBD
drug	pancreatitis	20	2	TBD
endometriosis	inflammation	17	2	TBD
hazard	damage	28	7	TBD
oxidative_stress	cardiovascular_disease	19	2	TBD
disease	mortality	163	4	TBD
cartilage	osteoarthritis	27	5	TBD
hormone	cancer	65	10	TBD
lifestyle	disease	74	6	TBD
problem	litigation	12	2	TBD
injury	recovery	8	2	TBD
thunderstorm	flood	9	2	TBD
post-traumatic_stress_disorder	anxiety	12	3	TBD
side_effect	pain	32	5	TBD
insulin_resistance	type_2_diabetes	241	54	TBD
diverticulitis	infection	24	5	TBD
thunderstorm	tornado	92	8	TBD
tooth_decay	problem	16	4	TBD
malaria	fever	87	2	TBD
pneumonia	bacterial_infection	355	82	TBD
cigarette_smoking	lung_cancer	467	9	TBD
autism	gi_problem	17	5	TBD
contaminant	disease	15	5	TBD
pain	immobility	9	3	TBD
conflict	disease	25	5	TBD
hpv	cancer	208	13	TBD
infection	miscarriage	109	10	TBD
disease	liver_cancer	24	6	TBD
aging	deterioration	29	2	TBD
medical_condition	accident	21	2	TBD
unbelief	sin	18	4	TBD
action	reaction	230	9	TBD
stress	various_disease	10	3	TBD
treatment	depression	17	2	TBD
fire	damage	1301	21	TBD
error	trial	12	2	TBD
metabolic_syndrome	hypertension	12	3	TBD
birth_defect	death	56	9	TBD
obesity	health_condition	144	8	TBD
problem	blindness	22	2	TBD
anaemia	problem	7	2	TBD
stress	physical_injury	6	2	TBD
toxin	illness	162	5	TBD
injury	blood_clot	10	2	TBD
injury	disorder	38	11	TBD
high_blood_pressure	heart_disease	448	8	TBD
event	problem	57	3	TBD
series_of_event	death	24	2	TBD
flu	diarrhea	11	3	TBD
infection	prostatitis	11	2	TBD
indigestion	heartburn	13	4	TBD
irritation	pain	83	12	TBD
reaction	pain	52	5	TBD
accident	water	66	2	TBD
symptom	serious_problem	12	4	TBD
anger	headache	14	2	TBD
victory	defeat	15	3	TBD
brain_damage	autism	11	2	TBD
weakened_immune_system	illness	17	2	TBD
disease	complication	388	14	TBD
substance_abuse	symptom	9	2	TBD
infection	ulcer	222	8	TBD
autoimmune_disorder	inflammation	53	2	TBD
schizophrenia	psychosis	15	2	TBD
addiction	behavior	80	24	TBD
money	happiness	35	9	TBD
friction	wear_and_tear	9	3	TBD
flooding	destruction	16	2	TBD
issue	problem	122	35	TBD
separation	divorce	19	3	TBD
flooding	disaster	21	3	TBD
ischemia	change	15	2	TBD
clot	stroke	384	2	TBD
disease	pain	870	45	TBD
anxiety	headache	68	3	TBD
poverty	problem	201	11	TBD
fever	chill	48	3	TBD
withdrawal	depression	23	7	TBD
symptom	disability	30	9	TBD
fear	conflict	107	5	TBD
depression	migraine	14	3	TBD
violence	death	432	10	TBD
disease	high_morbidity	24	2	TBD
motor_vehicle_accident	injury	158	18	TBD
cost	difficulty	6	2	TBD
vascular_disease	stroke	58	2	TBD
complication	liver_failure	17	4	TBD
inflammation	symptom	178	3	TBD
pollution	acid_rain	63	10	TBD
heart_attack	damage	153	16	TBD
trauma	fear	15	2	TBD
macular_degeneration	damage	19	3	TBD
allergic_reaction	condition	26	4	TBD
stroke	damage	241	28	TBD
ulcer	pain	97	4	TBD
disease	chronic_pain	92	4	TBD
higher_cost	inflation	13	4	TBD
credit_crunch	recession	24	3	TBD
eczema	asthma	19	5	TBD
litigation	loss	21	6	TBD
change	chaos	31	5	TBD
hemochromatosis	iron_overload	38	2	TBD
loss	pain	99	7	TBD
death	uncertainty	8	2	TBD
situation	stress	120	22	TBD
incident	confusion	283	2	TBD
climate_change	drought	241	4	TBD
headache	discomfort	55	9	TBD
stress	inflammation	101	4	TBD
fibromyalgia	ailment	6	2	TBD
injury	expense	55	3	TBD
immune_response	inflammation	90	12	TBD
condition	acne	45	2	TBD
event	fire	13	2	TBD
oxidative_stress	arthritis	6	2	TBD
rheumatoid_arthritis	inflammation	315	62	TBD
condition	emotional_problem	14	3	TBD
bleeding	death	102	7	TBD
racism	problem	66	2	TBD
deforestation	pollution	9	3	TBD
condition	pelvic_inflammatory_disease	6	2	TBD
obesity	metabolic_dysfunction	19	2	TBD
action	controversy	20	2	TBD
wound	death	170	5	TBD
uncertainty	disaster	6	2	TBD
inactivity	disease	50	9	TBD
surgery	condition	18	6	TBD
condition	nausea	80	2	TBD
sciatica	inflammation	36	12	TBD
depression	change_in_mood	8	2	TBD
war	disease	16	3	TBD
headache	dizziness	10	3	TBD
problem	preparation	7	2	TBD
condition	pressure	59	7	TBD
sin	evil	36	12	TBD
childbirth	condition	20	2	TBD
financial_problem	delay	11	2	TBD
diabetes	eye_disease	42	4	TBD
osteoarthritis	degenerative_change	22	2	TBD
feeling	action	59	13	TBD
claim	damage	25	7	TBD
hormone_imbalance	condition	17	3	TBD
decay	death	9	2	TBD
love	fear	14	4	TBD
disease	heart	39	2	TBD
hatred	pain	10	3	TBD
failure	success	212	27	TBD
disorder	health_condition	8	2	TBD
action	stress	26	6	TBD
water_retention	high_blood_pressure	26	2	TBD
parasite	malaria	341	3	TBD
bacteria	tooth_decay	240	10	TBD
tendonitis	pain	106	2	TBD
unconsciousness	death	15	4	TBD
low_level	disease	13	2	TBD
anxiety	nausea	74	13	TBD
dehydration	problem	69	11	TBD
oxidative_stress	damage	88	2	TBD
hormonal_change	acne	259	42	TBD
bacteria	halitosis	64	21	TBD
skin_problem	inflammation	7	2	TBD
carbon_dioxide	warming	45	9	TBD
depression	recovery	69	2	TBD
genetic_mutation	disease	125	13	TBD
harm	death	23	6	TBD
impact	death	18	5	TBD
high_blood_pressure	stroke	774	8	TBD
aid	opportunistic_infection	82	10	TBD
hazard	cancer	40	5	TBD
delay	cost	22	2	TBD
arson	fire	264	2	TBD
global_warming	effect	15	4	TBD
illness	complication	68	11	TBD
condition	heart_failure	109	7	TBD
trauma	illness	17	5	TBD
nutritional_deficiency	disease	86	3	TBD
virus	mutation	337	6	TBD
infection	pressure	36	2	TBD
disease	headache	51	4	TBD
duodenal_ulcer	h._pylorus_infection	15	2	TBD
illness	pain	264	17	TBD
high_cholesterol	heart_disease	183	4	TBD
anxiety	erectile_dysfunction	53	11	TBD
dehydration	electrolyte_imbalance	23	2	TBD
infection	dehydration	14	2	TBD
bacteria	condition	182	4	TBD
flu	fatigue	16	2	TBD
explosion	damage	160	10	TBD
earthquake	wave	13	3	TBD
event	depression	51	2	TBD
frustration	anger	160	8	TBD
diabetes	hyperglycemia	43	10	TBD
flu	symptom	180	5	TBD
atherosclerosis	disease	71	2	TBD
disease	indigestion	41	3	TBD
deficiency	anxiety	54	4	TBD
stress	toxin	6	2	TBD
obesity	cancer	145	4	TBD
anemia	complication	14	2	TBD
experience	stress	8	2	TBD
diabetes	cardiovascular_disease	39	4	TBD
inflammation	pinched_nerve	22	2	TBD
abnormal_cell_growth	cancer	11	2	TBD
tissue_damage	pain	66	5	TBD
work	discovery	27	3	TBD
low_self_esteem	depression	21	3	TBD
defect	fire	28	2	TBD
inflammation	aging	76	18	TBD
addiction	problem	143	28	TBD
cold	symptom	131	5	TBD
stress	ocd	9	3	TBD
obesity	disease	707	109	TBD
free_radical	chain_reaction	13	3	TBD
conflict	failure	10	2	TBD
terrorism	violence	15	3	TBD
stress	shallow_breathing	22	5	TBD
condition	blindness	235	6	TBD
violence	retaliation	7	2	TBD
fibromyalgia	symptom	245	16	TBD
plaque	atherosclerosis	27	5	TBD
hypercalcemia	kidney_failure	9	2	TBD
abuse	mental_illness	9	2	TBD
development	change	32	8	TBD
aging	wrinkle	609	12	TBD
metabolic_syndrome	heart_disease	33	2	TBD
stress	mistake	9	3	TBD
bacteria	plaque	89	14	TBD
hypertension	kidney_failure	105	11	TBD
illness	miscarriage	16	2	TBD
rain	water	11	2	TBD
wealth	happiness	12	3	TBD
war	chaos	73	4	TBD
severe_brain_damage	coma	7	2	TBD
free_radical	cancer	332	37	TBD
divorce	depression	13	3	TBD
environmental_factor	stress	10	2	TBD
malnutrition	weight_loss	15	2	TBD
condition	poor_circulation	24	8	TBD
heavy_period	anemia	10	2	TBD
landslide	loss	6	1	TBD
animal	disease	21	2	TBD
virus	herpes	41	3	TBD
scoliosis	pain	46	2	TBD
arrhythmia	heart_disease	12	2	TBD
bacteria	human_disease	44	6	TBD
problem	suspension	7	2	TBD
medication	high_blood_pressure	12	2	TBD
hpv_type	cancer	15	5	TBD
chemical	pain	423	9	TBD
inflammation	weight_gain	19	2	TBD
cancer	molecule	14	4	TBD
diabetes	coronary_heart_disease	22	5	TBD
behavior	distress	55	7	TBD
bacteria	dental_caries	17	5	TBD
frustration	depression	31	3	TBD
muscle_spasm	pain	275	18	TBD
personal_injury	damage	40	2	TBD
metabolic_disorder	insulin_resistance	8	2	TBD
leakage	damage	16	2	TBD
infection	antibody	24	2	TBD
looting	death	10	3	TBD
stress	heart_palpitation	9	2	TBD
substance_abuse	problem	96	6	TBD
heart_attack	chest_pain	119	20	TBD
religion	violence	210	3	TBD
obesity	high_cholesterol	31	9	TBD
feeling_of_helplessness	depression	6	2	TBD
war	change	78	4	TBD
surgery	serious_complication	12	2	TBD
irritation	skin_infection	128	8	TBD
disease	nausea	42	9	TBD
atherosclerosis	stroke	262	4	TBD
blockage	stroke	110	3	TBD
earthquake	landslide	227	2	TBD
virtue	happiness	51	3	TBD
fungi	disease	351	25	TBD
cancer	anemia	57	3	TBD
stroke	brain_injury	85	6	TBD
incident	injury	410	3	TBD
ignorance	action	37	5	TBD
smoking	emphysema	337	10	TBD
sin	brokenness	9	2	TBD
loss_of_bone_mass	osteoporosis	17	3	TBD
mutation	disorder	137	5	TBD
situation	anxiety	69	10	TBD
periodontal_disease	inflammation	104	3	TBD
indigestion	headache	18	3	TBD
injury	medical_condition	25	7	TBD
global_warming	change	142	9	TBD
accident	legal_cost	10	3	TBD
infection	urethritis	17	2	TBD
ischemia	injury	11	3	TBD
dehydration	kidney_failure	19	2	TBD
phobia	panic_attack	15	3	TBD
diabetes	poor_circulation	45	3	TBD
inflammation	problem	57	3	TBD
injury	complication	66	11	TBD
symptom	diagnosis	84	10	TBD
weight_gain	metabolic_syndrome	10	3	TBD
pain	emotional_stress	21	7	TBD
infection	ulceration	10	3	TBD
acid_reflux_disease	heartburn	84	3	TBD
allergen	asthma	96	9	TBD
menopause	hormone_imbalance	72	9	TBD
chronic_pain	problem	18	6	TBD
vaccine	autism	1192	2	TBD
injury	pain	1012	27	TBD
obesity	high_level_of_insulin	18	3	TBD
strain	condition	26	6	TBD
financial_problem	divorce	27	8	TBD
complication	blindness	73	6	TBD
war	confusion	13	2	TBD
long-term_effect	damage	9	2	TBD
sleep_disorder	problem	21	6	TBD
irritable_bowel_syndrome	constipation	133	3	TBD
cruelty	pain	9	3	TBD
constipation	problem	50	5	TBD
accident	fatality	269	2	TBD
breast_cancer	symptom	33	3	TBD
poverty	poor_health	59	17	TBD
controversy	lawsuit	6	2	TBD
variation	disease	15	4	TBD
difficulty	death	9	2	TBD
infection	inflammation	398	38	TBD
problem	ache	27	3	TBD
surprise	death	47	2	TBD
war	famine	83	6	TBD
food	heartburn	41	5	TBD
renal_artery_stenosis	high_blood_pressure	5	1	TBD
a	b	101	28	TBD
gene	illness	10	3	TBD
iron_deficiency	condition	12	2	TBD
drug	adverse_reaction	123	4	TBD
disease	shame	12	3	TBD
incident	civil_war	6	2	TBD
drug	addiction	144	10	TBD
cancer	effect	25	8	TBD
action	damage	235	12	TBD
tinnitus	symptom	23	3	TBD
hatred	violence	45	7	TBD
change	osteoporosis	56	6	TBD
earthquake	tsunami	593	9	TBD
injury	impairment	38	5	TBD
medical_condition	disability	17	2	TBD
drug_use	symptom	6	2	TBD
cellular_damage	disease	31	8	TBD
alcoholism	violence	10	2	TBD
problem	crash	53	3	TBD
hpv_infection	cervical_cancer	96	5	TBD
anger	destruction	8	2	TBD
social_isolation	depression	67	15	TBD
hospitalization	death	9	3	TBD
disease	loss	178	21	TBD
stress	physical_illness	77	2	TBD
endometriosis	infertility	528	9	TBD
stress	binge_eating	8	2	TBD
acne	pimple	47	2	TBD
fear	poverty	30	3	TBD
war	death	632	7	TBD
tumor	condition	48	8	TBD
condition	tiredness	9	2	TBD
fear	failure	27	2	TBD
depression	sleeplessness	42	5	TBD
cure	disease	6	2	TBD
problem	decrease	13	2	TBD
issue	misunderstanding	6	2	TBD
heart_failure	symptom	21	6	TBD
drug	behavior	37	3	TBD
obesity	symptom	19	3	TBD
stress	disease	539	133	TBD
disorder	dementia	60	15	TBD
guilt	fear	22	5	TBD
condition	dizziness	35	3	TBD
arrhythmia	sudden_death	47	2	TBD
abuse	behavior	19	5	TBD
air_pollution	acid_rain	67	8	TBD
inflammation	fever	20	6	TBD
stress	constipation	27	6	TBD
surgery	issue	85	28	TBD
diabetes	damage	143	9	TBD
change	stress	178	29	TBD
selfishness	evil	6	2	TBD
accident	traffic	19	2	TBD
disability	fatigue	12	4	TBD
insomnia	fatigue	38	7	TBD
migraine_headache	pain	82	4	TBD
irritation	diaper_rash	9	3	TBD
insomnia	symptom	57	19	TBD
mental_phenomenon	physical_phenomenon	6	2	TBD
mutation	cancer	526	71	TBD
lightning	thunder	116	8	TBD
variation	difference	16	5	TBD
gerd	acid_reflux	9	3	TBD
anxiety	restlessness	20	2	TBD
negligence	injury	1566	4	TBD
flood	landslide	25	2	TBD
motion_sickness	vertigo	57	4	TBD
adverse_event	surgery	15	3	TBD
situation	conflict	46	2	TBD
stress	ailment	50	5	TBD
insect	stress	10	2	TBD
sleep_disorder	insomnia	23	3	TBD
cholesterol	obesity	22	3	TBD
noise	tinnitus	19	4	TBD
disease	immunosuppression	18	6	TBD
arthritis	damage	36	8	TBD
ptsd	anxiety	29	8	TBD
water	cancer	37	2	TBD
stroke	complication	1069	67	TBD
change	improvement	139	6	TBD
kidney_infection	symptom	6	2	TBD
aging	arthritis	47	5	TBD
event_a	event_b	15	3	TBD
anger	crime	8	2	TBD
headache	pain	214	30	TBD
fear	paralysis	44	4	TBD
heart_attack	pain	80	10	TBD
damage	scarring	18	3	TBD
stress	impotence	62	4	TBD
premature_birth	problem	25	7	TBD
diabetes	high_blood_glucose_level	26	3	TBD
bacteria	foot_odor	36	5	TBD
condition	epilepsy	31	3	TBD
hypertension	heart_disease	106	4	TBD
pain	sleep_disturbance	21	4	TBD
stress	allergy	33	5	TBD
event	trauma	54	6	TBD
disability	failure	17	3	TBD
migration	population_growth	17	3	TBD
medical_condition	weight_gain	45	12	TBD
diabetes	chronic_kidney_disease	143	3	TBD
damage	symptom	75	9	TBD
sin	fear	292	4	TBD
bronchitis	inflammation	43	2	TBD
deficiency	dementia	22	5	TBD
increase	decrease	23	7	TBD
dna_damage	aging	32	5	TBD
climate_change	environmental_degradation	19	4	TBD
development	problem	59	3	TBD
cancer	fatigue	35	2	TBD
vomiting	dehydration	227	14	TBD
fracture	complication	13	4	TBD
side_effect	weight_loss	14	2	TBD
heart_failure	illness	54	3	TBD
uncertainty	fear	41	5	TBD
action	conflict	24	7	TBD
cancer	symptom	546	11	TBD
allergy	eczema	59	12	TBD
revolution	civil_war	31	3	TBD
gum_disease	bad_breath	75	9	TBD
unemployment	poverty	60	10	TBD
fraud	loss	251	16	TBD
high_blood_pressure	problem	57	7	TBD
water	flood	9	3	TBD
christmas	tradition	10	3	TBD
emotional_abuse	depression	13	2	TBD
stress	heart_attack	176	3	TBD
gout	diabetes	58	4	TBD
injustice	poverty	33	6	TBD
disability	death	42	4	TBD
stress	family_problem	6	2	TBD
trauma	fracture	53	2	TBD
loss	depression	102	6	TBD
removal	injury	6	2	TBD
anxiety	stuttering	9	2	TBD
sport	injury	139	3	TBD
illness	loss	55	11	TBD
osteoarthritis	inflammation	245	14	TBD
disability	discrimination	21	3	TBD
acne	problem	71	2	TBD
pain	nausea	62	12	TBD
skin_condition	inflammation	32	6	TBD
water	life	13	2	TBD
death	resurrection	29	2	TBD
multiple_sclerosis	symptom	85	2	TBD
pollution	environmental_degradation	11	3	TBD
interest	inflation	12	2	TBD
disorder	symptom	473	20	TBD
war	injury	38	5	TBD
war	problem	62	12	TBD
anger	sin	34	10	TBD
greenhouse_gas_emission	global_warming	198	16	TBD
flu	fever	77	2	TBD
narcolepsy	cataplexy	54	10	TBD
disorder	chronic_pain	19	3	TBD
personal_problem	stress	16	2	TBD
sin	guilt	328	3	TBD
sleep_apnea	excessive_daytime_sleepiness	30	2	TBD
global_warming	event	22	4	TBD
loss_of_sleep	depression	12	2	TBD
death	permanent_disability	11	3	TBD
high_blood_pressure	cardiovascular_disease	38	3	TBD
feeling	behavior	32	5	TBD
baptism	salvation	16	4	TBD
autoimmune_disease	chronic_inflammation	18	5	TBD
failure	loss	103	3	TBD
condition	anemia	60	7	TBD
condition	edema	44	5	TBD
marriage	scandal	14	2	TBD
bacteria	pneumonia	423	21	TBD
stress	female_hair_loss	9	2	TBD
hospitalization	stress	20	6	TBD
vitamin_d_deficiency	disease	51	13	TBD
chronic_pain	anxiety	44	6	TBD
isolation	problem	21	3	TBD
gambling	problem	59	5	TBD
conviction	problem	7	2	TBD
symptom	interference	12	2	TBD
fear	racism	17	3	TBD
inflammation	atherosclerosis	51	5	TBD
stress	fatigue	192	20	TBD
disease	weight_loss	131	6	TBD
stress	symptom	346	42	TBD
mutation	resistance	73	22	TBD
malfunction	disease	32	4	TBD
judgment	anger	14	2	TBD
inflammation	discomfort	52	2	TBD
environmental_degradation	disaster	7	2	TBD
serious_condition	symptom	33	4	TBD
problem	termination	15	5	TBD
transformation	death	9	2	TBD
cancer	death	2859	8	TBD
childhood_obesity	problem	12	2	TBD
sin	death	1223	22	TBD
waste	problem	27	3	TBD
cancer	illness	49	9	TBD
drought	water_shortage	66	4	TBD
stress	hallucination	16	5	TBD
infection	redness	49	2	TBD
disability	functional_limitation	56	5	TBD
withdrawal	death	22	3	TBD
exposure	cancer	236	8	TBD
poverty	malnutrition	106	8	TBD
glaucoma	high_intraocular_pressure	6	2	TBD
pressure	anxiety	36	3	TBD
quantity	quality	41	8	TBD
depression	child_abuse	12	3	TBD
high_cholesterol	condition	17	2	TBD
inactivity	obesity	65	4	TBD
constipation	discomfort	42	9	TBD
malnutrition	symptom	18	3	TBD
happiness	success	24	8	TBD
data	error	15	3	TBD
stress	exhaustion	25	4	TBD
toxin	disease	360	17	TBD
schizophrenia	hallucination	76	4	TBD
stress	suffering	32	4	TBD
cardiac_arrest	death	317	4	TBD
drug_use	problem	173	7	TBD
health_problem	disability	8	2	TBD
intervention	failure	15	2	TBD
conflict	separation	16	5	TBD
blockage	problem	40	12	TBD
particle	infection	6	2	TBD
infection	anemia	37	5	TBD
exposure_to_asbestos	mesothelioma	451	18	TBD
stroke	brain_damage	174	5	TBD
hypertension	stroke	291	4	TBD
hiv_infection	aid	86	3	TBD
disability	stigma	43	5	TBD
chain_of_event	incident	9	3	TBD
condition	dementia	112	3	TBD
conflict	war	64	10	TBD
virus	infection	2042	16	TBD
pregnancy	anemia	7	2	TBD
leaky_gut_syndrome	food_allergy	21	2	TBD
leak	problem	43	10	TBD
laughter	tear	16	2	TBD
behavior	disruption	6	2	TBD
global_warming	fire	47	6	TBD
event	change	81	2	TBD
drug_abuse	illness	16	4	TBD
infection	cancer	223	28	TBD
sickness	fever	13	2	TBD
stress	failure	92	9	TBD
inflammation	abnormality	27	5	TBD
conjunctivitis	irritation	23	4	TBD
alcohol	illness	129	4	TBD
neglect	condition	55	13	TBD
asbestos	disease	276	2	TBD
event	trial	52	3	TBD
symptom	distress	61	11	TBD
osteoporosis	immobility	15	4	TBD
storm	cold_front	12	2	TBD
knowledge	power	39	3	TBD
infection	diarrhea	826	5	TBD
asthma	anxiety	11	3	TBD
infection	disease	495	109	TBD
gingivitis	periodontal_disease	36	2	TBD
mismanagement	failure	10	2	TBD
event	discovery	34	4	TBD
prozac	anxiety	9	2	TBD
fibromyalgia	depression	50	5	TBD
infection	constipation	6	2	TBD
disorder	headache	26	6	TBD
problem	black_hole	16	5	TBD
injury	stiffness	82	6	TBD
anxiety	repression	7	2	TBD
condition	emotional_distress	38	2	TBD
problem	headache	60	17	TBD
co2	global_warming	236	9	TBD
stress	hair_loss	550	32	TBD
sebaceous_gland	acne	9	2	TBD
muscle_spasm	inflammation	19	3	TBD
stress	disability	11	3	TBD
insomnia	problem	108	11	TBD
cell_damage	cancer	103	4	TBD
abuse	homosexuality	10	3	TBD
stress	death	179	18	TBD
birth	death	77	10	TBD
chemical	harm	124	4	TBD
tooth_decay	infection	113	15	TBD
lack_of_sleep	symptom	23	3	TBD
misunderstanding	conflict	66	6	TBD
god	death	49	3	TBD
seizure	loss_of_consciousness	39	2	TBD
physical_condition	depression	18	2	TBD
overactive_immune_system	inflammation	32	3	TBD
flooding	problem	49	7	TBD
chemical_imbalance	anxiety	43	3	TBD
investigation	arrest	51	2	TBD
issue	addiction	15	5	TBD
unemployment	problem	33	3	TBD
condition	heart_attack	435	17	TBD
accident	personal_injury	437	2	TBD
diabetes	long-term_complication	73	2	TBD
headache	nausea	55	12	TBD
malnutrition	illness	49	3	TBD
magnesium_deficiency	condition	14	4	TBD
imbalance	disease	240	5	TBD
volcanic_eruption	earthquake	30	6	TBD
medical_condition	depression	74	7	TBD
mutation	fap	12	4	TBD
mental_illness	social_stigma	31	5	TBD
leak	fire	20	2	TBD
pressure	heat	12	4	TBD
extra_chromosome	down_syndrome	17	2	TBD
explosion	malfunction	12	3	TBD
sexually_transmitted_disease	cervical_cancer	127	5	TBD
asthma	high_blood_pressure	17	4	TBD
behavior	problem	216	30	TBD
neglect	problem	63	15	TBD
offense	accident	13	3	TBD
illness	weight_loss	24	5	TBD
deficiency	illness	76	2	TBD
injury	inflammation	205	15	TBD
disease	abortion	40	8	TBD
dysfunction	pain	30	2	TBD
stress	withdrawal	33	8	TBD
obesity	metabolic_problem	35	6	TBD
spirit	disease	29	4	TBD
excess_weight	type_2_diabetes	19	5	TBD
absence	pain	13	3	TBD
tension	condition	23	6	TBD
heat	increased_blood_flow	15	4	TBD
viagra	side_effect	394	6	TBD
arthritis	pain_in_the_joint	18	2	TBD
disease	anemia	94	4	TBD
illness	tissue_damage	10	3	TBD
stress	aging	22	4	TBD
nausea	anorexia	15	4	TBD
condition	defect	10	2	TBD
aging	cancer	17	3	TBD
bacteria	gingivitis	455	22	TBD
movement	pain	147	3	TBD
change	uncertainty	60	4	TBD
cancer	problem	318	91	TBD
stress	aggression	24	3	TBD
withdrawal	problem	23	4	TBD
effect	problem	21	4	TBD
stress	condition	277	43	TBD
decision	damage	25	2	TBD
condition	pain	3286	44	TBD
thought	anxiety	122	6	TBD
low_level	depression	70	10	TBD
diarrhea	irritation	27	3	TBD
alcohol	violence	80	7	TBD
vibration	sound	105	3	TBD
disease	diarrhea	146	31	TBD
disease	bone_loss	64	5	TBD
problem	lawsuit	28	4	TBD
fall	death	296	6	TBD
action	pain	148	4	TBD
penalty	problem	9	3	TBD
fall	illness	8	2	TBD
obesity	excess_body_fat	16	3	TBD
smoking	bronchitis	104	3	TBD
heart_attack	heart_failure	40	4	TBD
vomiting	weight_loss	13	4	TBD
action	karma	22	4	TBD
panic	phobia	11	2	TBD
germ	infection	155	10	TBD
condition	chronic_pain	121	11	TBD
acne	anxiety	15	5	TBD
chronic_disease	depression	12	2	TBD
stress	weight_gain	222	5	TBD
anxiety_disorder	anxiety	15	3	TBD
mildew	odor	221	14	TBD
exercise	weight_loss	84	8	TBD
obesity	inflammation	69	8	TBD
process	error	10	2	TBD
nutritional_deficiency	depression	17	3	TBD
cold_sore	genital_herpes	67	10	TBD
drug_abuse	problem	102	5	TBD
frustration	behavior	23	5	TBD
toxin	fatigue	20	3	TBD
bacteria	gastroenteritis	21	4	TBD
obesity	hypertension	195	38	TBD
confusion	disaster	12	4	TBD
substance_abuse	mental_illness	12	4	TBD
disease	effect	9	3	TBD
autism	problem	53	2	TBD
condition	impairment	19	2	TBD
investment	job	9	2	TBD
depression	apathy	29	4	TBD
anxiety	symptom	247	53	TBD
varicose_vein	poor_circulation	29	3	TBD
erectile_dysfunction	problem	24	5	TBD
industrial_revolution	change	61	17	TBD
neutron	fission	90	3	TBD
violence	peace	9	2	TBD
diabetes	pain	36	2	TBD
theft	damage	461	2	TBD
difference	problem	55	3	TBD
stress	strain	24	5	TBD
free_radical	inflammation	61	12	TBD
serious_disease	high_blood_pressure	10	3	TBD
emotion	conflict	6	2	TBD
condition	serious_problem	81	2	TBD
isolation	anxiety	9	2	TBD
infection	fatigue	39	2	TBD
death	sadness	36	5	TBD
low_self-esteem	violence	16	3	TBD
varicose_vein	inflammation	10	2	TBD
teaching	learning	15	2	TBD
surgery	complication	292	56	TBD
infection	symptom	306	4	TBD
high_blood_pressure	chronic_kidney_disease	38	12	TBD
dysfunction	illness	10	3	TBD
radiation	cancer	459	17	TBD
gum_disease	problem	17	2	TBD
free_radical	oxidation	91	9	TBD
type_2_diabetes	high_blood_pressure	20	3	TBD
childbirth	complication	66	2	TBD
sale	increase	9	2	TBD
damage	skin_cancer	103	2	TBD
fungus	disease	375	33	TBD
dementia	memory_loss	38	3	TBD
heart_disease	pain	36	3	TBD
drug_addiction	problem	26	2	TBD
stagnation	pain	26	4	TBD
condition	rls	18	3	TBD
trauma	mental_illness	16	2	TBD
confusion	error	614	89	TBD
feeling	anger	11	3	TBD
thought	feeling	54	7	TBD
labour	pain	10	2	TBD
infection	malaria	32	3	TBD
sin	obedience	11	3	TBD
complication	pain	39	11	TBD
tissue_change	cancer	34	3	TBD
condition	disability	115	6	TBD
hiatal_hernia	acid_reflux	42	2	TBD
arthritis	pain	2571	21	TBD
poor_diet	depression	38	2	TBD
inflammation	fibrosis	30	2	TBD
mold	odor	289	21	TBD
injury	soreness	7	2	TBD
motion	heat	21	5	TBD
bacteria	gum_disease	403	122	TBD
data_loss	damage	10	3	TBD
claim	loss	138	4	TBD
system	confusion	6	2	TBD
trauma	stroke	10	3	TBD
stress	joint	9	3	TBD
tension	civil_war	52	2	TBD
fear	mistake	23	3	TBD
action	illness	13	2	TBD
injury	tissue_damage	24	4	TBD
hypoglycemia	seizure	51	7	TBD
anger	illness	13	2	TBD
exposure	disability	17	4	TBD
vicious_cycle	pain	11	2	TBD
disease	infertility	185	4	TBD
rna	protein	6	2	TBD
obesity	health_issue	66	14	TBD
greed	poverty	18	2	TBD
exposure	illness	156	6	TBD
leak	damage	267	9	TBD
fire	destruction	162	4	TBD
color	emotion	67	4	TBD
event	injury	339	18	TBD
exposure_to_asbestos	lung_cancer	110	6	TBD
insecurity	problem	11	2	TBD
migraine	nausea	98	12	TBD
perception	reality	6	2	TBD
tension_headache	pain	42	2	TBD
change	decrease	11	2	TBD
obesity	health_problem	553	18	TBD
symptom	behavior	32	4	TBD
illness	constipation	7	2	TBD
bleeding	pain	15	2	TBD
disease	mental_retardation	25	2	TBD
fault	earthquake	23	4	TBD
side_effect	serious_problem	6	2	TBD
delay	inconvenience	262	7	TBD
reaction	symptom	109	2	TBD
infection	hospitalization	50	3	TBD
overheating	failure	9	3	TBD
damage	fracture	7	2	TBD
stress	back_pain	103	11	TBD
infection	death	1157	19	TBD
diabetes	illness	112	9	TBD
disease	fear	27	9	TBD
infection	illness	228	2	TBD
punishment	stimulus	6	2	TBD
failure	penalty	7	2	TBD
event	stress	84	24	TBD
drug	disorder	29	5	TBD
debt	poverty	7	2	TBD
tension	insomnia	16	5	TBD
effect	depression	20	3	TBD
situation	violence	28	4	TBD
metabolic_syndrome	diabetes	59	4	TBD
smoke	cancer	22	7	TBD
infection	severe_complication	34	5	TBD
lower_price	higher_volume	6	2	TBD
allergy	allergic_rhinitis	6	2	TBD
aging	symptom	112	3	TBD
disease	fatigue	141	8	TBD
emission_of_greenhouse_gas	global_warming	100	3	TBD
failure	disease	12	4	TBD
chronic_bronchitis	emphysema	13	2	TBD
behavior	issue	20	3	TBD
disease	symptom	791	136	TBD
illness	dementia	26	4	TBD
low_serotonin_level	depression	68	13	TBD
anger	aggression	30	3	TBD
insulin_resistance	disease	34	3	TBD
stress	insomnia	338	12	TBD
resistance	loss	15	2	TBD
friction	problem	27	4	TBD
increase_in_revenue	increase	28	4	TBD
hazard	accident	37	3	TBD
mosquito	malaria	65	5	TBD
discrimination	poverty	26	8	TBD
accident	medical_emergency	8	2	TBD
bleeding	infection	130	33	TBD
storm	tornado	99	2	TBD
bacterial_infection	epididymitis	6	2	TBD
retirement	stress	6	2	TBD
drug_abuse	criminal_activity	9	2	TBD
wound	infection	96	8	TBD
decline	decrease	18	3	TBD
age	diabetes	10	3	TBD
inconsistency	problem	21	3	TBD
disease	confusion	57	3	TBD
bacteria	infection	7014	121	TBD
global_climate_change	change	8	2	TBD
move	death	24	2	TBD
stress	sickness	98	2	TBD
stress	hypertension	86	3	TBD
bacteria	bv	19	5	TBD
blood_loss	anemia	119	3	TBD
behavior	action	19	2	TBD
condition	violence	14	3	TBD
disease	cavity	16	5	TBD
prostaglandin	inflammation	32	3	TBD
imbalance	illness	163	15	TBD
weakened_immune_system	condition	26	4	TBD
depression	thought	30	10	TBD
congestive_heart_failure	high_blood_pressure	259	51	TBD
accident	anxiety	6	2	TBD
carbon_emission	climate_change	75	3	TBD
alzheimer_’_s_disease	dementia	211	6	TBD
bankruptcy	problem	90	11	TBD
accident	damage	1393	10	TBD
love	peace	6	2	TBD
procedure	complication	201	2	TBD
yeast	infection	148	2	TBD
complexity	confusion	44	3	TBD
sinusitis	asthma	8	1	TBD
crohn_'s_disease	inflammation	90	4	TBD
reduction	decrease	24	5	TBD
death	defilement	6	2	TBD
fire	engine_failure	23	3	TBD
cancer	health_problem	44	7	TBD
pregnancy	condition	98	5	TBD
pneumonia	death	1349	9	TBD
stress	depression	572	104	TBD
stress	attack	64	14	TBD
pressure	pain	211	5	TBD
problem	downtime	13	3	TBD
defect	injury	264	13	TBD
hypertension	cardiovascular_disease	24	3	TBD
collapse	pain	9	2	TBD
stress	fracture	19	3	TBD
change	complication	10	3	TBD
accident	burn	24	4	TBD
flood	change	13	2	TBD
learning_disability	problem	16	3	TBD
anger	problem	31	10	TBD
tension	war	96	11	TBD
schizophrenia	depression	14	4	TBD
weight_loss	anorexia	70	22	TBD
change_in_the_brain	addiction	9	2	TBD
disease	disability	373	3	TBD
trauma	infection	28	8	TBD
stress	diabetes	85	10	TBD
neck	pain	38	3	TBD
vibration	movement	6	2	TBD
disease	death	2372	25	TBD
obesity	heart_disease	344	32	TBD
change	pain	123	13	TBD
disease	illness	184	25	TBD
crohn_s_disease	inflammation	12	4	TBD
genetic_factor	disease	35	11	TBD
allergy	inflammation	2447	12	TBD
bacterium	pneumonia	153	4	TBD
organism	infection	323	7	TBD
depression	health_problem	113	14	TBD
post_traumatic_stress_disorder	symptom	31	3	TBD
alcoholism	symptom	9	2	TBD
hair_loss	baldness	26	3	TBD
acid_reflux	asthma	16	5	TBD
deficiency	depression	190	13	TBD
condition	shortness_of_breath	33	3	TBD
depression	weight_loss	50	6	TBD
trauma	death	244	19	TBD
side_effect	weight_gain	8	2	TBD
impairment	accident	61	3	TBD
hazard	disease	42	5	TBD
hpv	cervical_dysplasia	31	5	TBD
stress	health_issue	65	7	TBD
medical_condition	stroke	15	5	TBD
disease	paralysis	110	6	TBD
tension_headache	muscle_tension	43	10	TBD
infection	immunity	6	2	TBD
thing	stress	15	5	TBD
infection	problem	249	27	TBD
illness	fatigue	91	8	TBD
emission	global_warming	61	15	TBD
occupation	violence	17	5	TBD
storm	change	18	6	TBD
event	attack	40	4	TBD
pregnancy	problem	135	7	TBD
illness	symptom	217	33	TBD
irritation	bleeding	32	3	TBD
allergy	particle	22	7	TBD
laziness	obesity	17	3	TBD
tension	discomfort	18	4	TBD
emotion	pain	52	8	TBD
stress	health_problem	310	19	TBD
damage	collapse	6	2	TBD
alcoholism	poverty	9	2	TBD
dementia	anxiety	54	5	TBD
mold	damage	59	5	TBD
death	grief	89	18	TBD
gene_mutation	disease	49	6	TBD
viral_infection	infection	10	3	TBD
acanthosis_nigricans	insulin_resistance	7	2	TBD
disorder	crime	38	5	TBD
side_effect	problem	83	5	TBD
surgery	stress	36	2	TBD
rupture	death	36	2	TBD
lack_of_sleep	depression	71	20	TBD
problem	discomfort	58	7	TBD
serious_problem	delay	6	2	TBD
fall	fracture	63	2	TBD
stress	poor_health	64	6	TBD
anemia	fatigue	444	6	TBD
hormone	hair_loss	132	6	TBD
damage	heart_disease	86	17	TBD
mutation	severe_phenotype	10	2	TBD
liability	death	12	2	TBD
anemia	symptom	61	6	TBD
medical_problem	depression	12	2	TBD
insulin_resistance	high_blood_sugar	24	6	TBD
hardening_of_the_artery	heart_disease	81	5	TBD
smoking	lung_cancer	1720	40	TBD
move	problem	15	4	TBD
injury	lesion	8	2	TBD
riot	death	47	11	TBD
cell	inflammation	10	3	TBD
trauma	condition	114	9	TBD
constipation	diverticulitis	21	3	TBD
death	adverse_effect	61	10	TBD
imbalance	problem	49	2	TBD
infection	liver_disease	88	2	TBD
drug	side_effect	1523	7	TBD
free_radical	disease	230	11	TBD
financial_difficulty	stress	13	2	TBD
improvement	reduction	8	2	TBD
marijuana	cocaine	18	2	TBD
pneumonia	respiratory_failure	44	2	TBD
disease	weight_gain	469	11	TBD
issue	war	18	4	TBD
heart	symptom	13	3	TBD
disease	stigma	380	9	TBD
war	peace	36	6	TBD
event	anxiety	47	7	TBD
property_damage	loss	29	3	TBD
flu	infection	35	5	TBD
stress	sexual_dysfunction	19	2	TBD
misdiagnosis	problem	17	2	TBD
virus	hiv	19	5	TBD
event	damage	304	33	TBD
malnutrition	pneumonia	6	1	TBD
complication	heart_failure	15	5	TBD
love	happiness	16	2	TBD
pessimism	depression	17	2	TBD
infection	food_poisoning	16	2	TBD
trauma	spinal_cord_injury	21	2	TBD
boom	bust	34	3	TBD
stress	serious_illness	15	4	TBD
sunburn	skin_cancer	84	7	TBD
repentance	forgiveness_of_sin	18	3	TBD
stress	earthquake	66	5	TBD
high_blood_pressure	pain	19	3	TBD
medication	disorder	10	2	TBD
illness	disability	244	2	TBD
depression	premature_ejaculation	51	10	TBD
infection	serious_complication	65	3	TBD
parasite	condition	51	4	TBD
recession	crisis	11	3	TBD
democracy	peace	23	4	TBD
illness	death	1102	15	TBD
witchcraft	disease	39	3	TBD
inflammation	osteoporosis	12	3	TBD
condition	hemorrhoid	16	5	TBD
vitamin_d_deficiency	depression	72	23	TBD
crack	water_damage	8	2	TBD
oxidative_stress	inflammatory_response	20	4	TBD
disease	problem	340	51	TBD
food	cancer	20	4	TBD
complication	loss	6	2	TBD
truth	god	19	4	TBD
increase	decline	12	3	TBD
religion	problem	63	2	TBD
attack	fear	14	4	TBD
condition	depression	150	21	TBD
menopause	weight_gain	55	5	TBD
emotion	illness	17	3	TBD
food	disease	124	6	TBD
climate_change	higher_temperature	34	3	TBD
greed	corruption	15	2	TBD
chronic_inflammation	asthma	11	3	TBD
mutation	cf	22	2	TBD
child	damage	68	2	TBD
trauma	injury	258	52	TBD
anger	depression	92	13	TBD
crash	serious_injury	111	2	TBD
incident	stress	24	4	TBD
male_pattern_baldness	hair_loss	71	8	TBD
activity	pain	119	5	TBD
failure	death	330	14	TBD
depression	distress	29	7	TBD
hepatitis	inflammation	14	2	TBD
inflammation	acute_pain	9	2	TBD
inaccuracy	problem	17	3	TBD
loss	difficulty	13	2	TBD
injury	symptom	141	27	TBD
bankruptcy	issue	31	3	TBD
toxin	depression	6	2	TBD
depression	binge_eating	20	5	TBD
panic_attack	symptom	36	10	TBD
gene	hair_loss	36	6	TBD
high_blood_pressure	tinnitus	48	2	TBD
thyrotoxicosis	atrial_fibrillation	21	6	TBD
vaccination	autism	184	2	TBD
disease	social_stigma	30	4	TBD
economic_growth	urbanization	13	2	TBD
insomnia	anxiety_disorder	13	4	TBD
fatigue	loss_of_appetite	7	2	TBD
fear	panic_attack	43	5	TBD
joint	arthritis	14	3	TBD
shock	heart_attack	24	1	TBD
trauma	stress	56	8	TBD
carbon_dioxide	global_warming	353	12	TBD
anger	hatred	70	5	TBD
separation	depression	10	2	TBD
disease	liver_disease	6	2	TBD
lifestyle_choice	disease	23	4	TBD
error	loss	187	2	TBD
hemorrhoid	problem	31	2	TBD
low_blood_pressure	shock	18	2	TBD
atherosclerosis	blood_vessel	6	2	TBD
grief	depression	29	3	TBD
situation	crisis	7	2	TBD
medical_condition	hair_loss	150	4	TBD
abuse	pain	23	7	TBD
infection	syphilis	10	3	TBD
arthritis	inflammation	514	81	TBD
polycystic_ovary_syndrome	obesity	28	3	TBD
degenerative_spondylolisthesis	spinal_stenosis	7	2	TBD
oxidative_damage	cancer	17	2	TBD
solar_flare	coronal_mass_ejection	22	2	TBD
toxic_chemical	cancer	106	3	TBD
hormonal_imbalance	obesity	19	2	TBD
oxidative_stress	disease	124	39	TBD
alzheimer_’_s_disease	change_in_the_brain	13	2	TBD
injury	serious_problem	14	2	TBD
conflict	growth	11	3	TBD
depression	ailment	9	2	TBD
condition	health_problem	57	9	TBD
greenhouse_gas_emission	climate_change	247	43	TBD
defect	damage	218	8	TBD
food	allergy	159	7	TBD
adultery	divorce	42	9	TBD
pain	disability	172	16	TBD
violence	displacement	22	3	TBD
stress	physical_problem	48	7	TBD
disease	back_pain	106	3	TBD
higher_wage	higher_price	14	2	TBD
pregnancy	diabetes	20	3	TBD
inflammation_of_the_airway	asthma	15	2	TBD
pathogenesis	disease	11	2	TBD
snoring	sleep_deprivation	4	1	TBD
condition	weight_loss	39	2	TBD
poverty	child_labour	49	14	TBD
eyestrain	presbyopia	4	1	TBD
menopause	vaginal_dryness	93	4	TBD
pathogen	illness	94	4	TBD
condition	situation	24	7	TBD
loss	feeling	35	5	TBD
exposure	asbestosis	20	2	TBD
blood_clot	internal_bleeding	7	2	TBD
chaos	death	18	6	TBD
gene	condition	39	5	TBD
virus	bronchitis	142	2	TBD
disease	muscle	22	5	TBD
spasm	diarrhea	8	2	TBD
tuberculosis	poverty	17	4	TBD
fraud	problem	9	2	TBD
chemical_in_the_brain	depression	323	6	TBD
malnutrition	disease	199	48	TBD
situation	accident	28	5	TBD
chronic_pancreatitis	diabetes	17	2	TBD
injury	death	2150	88	TBD
arrhythmia	mortality	7	2	TBD
anxiety	health_problem	57	7	TBD
psoriasis	inflammation	38	6	TBD
drug_use	behavior	73	5	TBD
imbalance	depression	54	2	TBD
sleep	stress	10	2	TBD
inflation	problem	39	2	TBD
mutation	disease	470	112	TBD
cellulite	skin	17	2	TBD
deficiency	disease	122	23	TBD
aid	disease	34	8	TBD
breach_of_contract	damage	58	5	TBD
loss	anger	11	3	TBD
insulin_resistance	weight_gain	70	17	TBD
dry_skin	wrinkle	45	2	TBD
damage	cost	56	4	TBD
virus	gastroenteritis	100	3	TBD
diabetes	health_problem	85	6	TBD
event	world_war_ii	27	6	TBD
constipation	anal_fissure	35	3	TBD
drinking	problem	148	4	TBD
individualism	alienation	6	2	TBD
dehydration	dizziness	87	2	TBD
disorder	suicide	25	3	TBD
dry_skin	acne	8	2	TBD
treatment	pain	152	3	TBD
stress	physical_exhaustion	14	2	TBD
depression	domestic_violence	15	2	TBD
exploitation	poverty	9	2	TBD
pain	aggression	22	5	TBD
allergy	disease	30	5	TBD
blood_clot	stroke	1132	18	TBD
diarrhea	dizziness	11	2	TBD
strain_of_hpv	cervical_cancer	23	3	TBD
failure	injury	284	5	TBD
hiv	aid	4064	6	TBD
stroke	symptom	50	15	TBD
disability	behavior	71	4	TBD
action	accident	41	4	TBD
stress	tension	111	27	TBD
mental_illness	behavior	32	2	TBD
medication	side_effect	765	12	TBD
puncture	accident	6	2	TBD
symptom	discomfort	76	10	TBD
change	loss	45	13	TBD
infection	pneumonia	137	13	TBD
dry_skin	rash	15	4	TBD
hemorrhage	death	173	3	TBD
blood_clot	heart_attack	883	16	TBD
injury	bleeding	39	2	TBD
fire	death	343	15	TBD
microbe	illness	32	9	TBD
gout	arthritis	19	3	TBD
disorder	mental_retardation	46	5	TBD
stress	suicide	27	8	TBD
stress	asthma	37	6	TBD
incident	war	26	3	TBD
co2	climate_change	84	3	TBD
fibroid	infertility	68	3	TBD
crime	pain	19	3	TBD
lack_of_exercise	obesity	115	9	TBD
shock	death	288	15	TBD
feeling	pain	20	6	TBD
stress	domestic_violence	17	2	TBD
cocaine	black	21	2	TBD
disorder	fear	82	13	TBD
substance	allergy	54	16	TBD
product	reaction	7	2	TBD
whiplash	injury	48	5	TBD
injury	joint_pain	34	3	TBD
depression	cognitive_distortion	18	3	TBD
loss	reduction	15	2	TBD
sleep_apnea	medical_condition	7	2	TBD
hpv_strain	genital_wart	30	2	TBD
disease	issue	11	3	TBD
parasite	mange	22	7	TBD
trauma	shock	6	2	TBD
health_problem	symptom	46	2	TBD
depression	symptom	321	47	TBD
situation	disease	6	2	TBD
hypertension	kidney_damage	54	7	TBD
tendonitis	inflammation	15	4	TBD
psychological_problem	impotence	21	2	TBD
drug	bleeding	60	2	TBD
fungi	infection	1064	3	TBD
condition	congestive_heart_failure	65	3	TBD
endothelial_dysfunction	cardiovascular_disease	7	2	TBD
type_2_diabetes	impaired_glucose_tolerance	12	3	TBD
depression	panic_attack	13	4	TBD
bacteria	body_odor	28	4	TBD
intervention	change	69	2	TBD
anxiety	premature_ejaculation	79	3	TBD
poverty	hunger	148	5	TBD
type_2_diabetes	hyperglycemia	10	2	TBD
delay	loss	104	5	TBD
inflation	unemployment	26	2	TBD
poor_sleep	problem	9	2	TBD
inflammation	damage	255	29	TBD
condition	distress	36	11	TBD
error	situation	22	4	TBD
bacterium	infection	205	2	TBD
depression	suffering	33	2	TBD
event	event_b	13	3	TBD
acne	skin_infection	45	4	TBD
problem	suffering	23	3	TBD
rust	damage	32	3	TBD
attack	problem	20	2	TBD
cell_change	cancer	39	2	TBD
war	stress	10	2	TBD
heart_attack	illness	8	2	TBD
trauma	anxiety	20	4	TBD
x	y	189	16	TBD
stroke	death	2045	7	TBD
adhd	depression	9	3	TBD
deterioration	loss	15	2	TBD
flood	erosion	12	4	TBD
freedom	prosperity	88	2	TBD
higher_cost	higher_price	7	2	TBD
condition	urinary_tract_infection	6	2	TBD
fiber	cancer	9	3	TBD
food	outbreak	31	5	TBD
disease	discomfort	61	3	TBD
global_warming	climate_change	418	28	TBD
high_blood_pressure	heart_failure	176	3	TBD
drug	violence	104	4	TBD
failure	anger	10	2	TBD
spasm	pain	1223	25	TBD
free_radical	aging	385	5	TBD
diabetes	high_blood_sugar_level	33	4	TBD
earthquake	seismic_wave	20	2	TBD
deforestation	global_warming	75	2	TBD
white_blood_cell	inflammation	24	5	TBD
problem	serious_problem	14	2	TBD
condition	constipation	160	49	TBD
brain_damage	cerebral_palsy	109	6	TBD
human	change	67	4	TBD
anxiety	distress	70	2	TBD
confusion	frustration	38	3	TBD
hiv	discrimination	16	4	TBD
disease	pneumonia	47	4	TBD
carpal_tunnel_syndrome	symptom	24	3	TBD
misunderstanding	situation	15	2	TBD
mutation	change	44	11	TBD
aging	decline	32	4	TBD
tinnitus	problem	20	2	TBD
exposure	disease	258	5	TBD
harm	liability	6	2	TBD
low_level_of_serotonin	depression	131	12	TBD
behavior	divorce	29	4	TBD
transition	change	10	3	TBD
fear	stress	108	21	TBD
sedentary_lifestyle	obesity	69	12	TBD
depression	disability	409	14	TBD
global_warming	natural_disaster	40	3	TBD
accident	illness	64	9	TBD
polycystic_ovarian_syndrome	weight_gain	27	9	TBD
recession	fear	9	2	TBD
fire	smoke	78	10	TBD
depression	death	85	20	TBD
disease	psychological_stress	70	7	TBD
error	accident	46	4	TBD
birth_defect	cancer	71	3	TBD
sciatica	pain	309	4	TBD
sleep_deprivation	anxiety	31	2	TBD
ulcerative_colitis	inflammation	425	9	TBD
disorder	death	166	2	TBD
release_of_chemical	inflammation	12	3	TBD
problem	death	197	23	TBD
inflammation	tissue_damage	58	9	TBD
change	increase	570	33	TBD
pollutant	cancer	108	10	TBD
insulin_resistance	hypertension	59	15	TBD
obesity	problem	219	18	TBD
medical_condition	insomnia	33	3	TBD
change	disaster	12	4	TBD
pain	inactivity	38	10	TBD
matter	gravity	10	2	TBD
heart_disease	edema	6	2	TBD
psychological_problem	symptom	12	2	TBD
stress	miscarriage	30	6	TBD
fire	injury	251	2	TBD
allergy	symptom	674	14	TBD
fire	problem	53	7	TBD
chemical	inflammation	60	13	TBD
flood	damage	848	8	TBD
migraine	pain	204	7	TBD
pathogen	foodborne_illness	26	2	TBD
procrastination	stress	40	3	TBD
distress	physical_symptom	8	2	TBD
fatigue	symptom	63	10	TBD
conflict	damage	33	2	TBD
emotional_stress	depression	14	4	TBD
murder	execution	7	2	TBD
trauma	disorder	62	15	TBD
condition	stroke	468	19	TBD
migraine	symptom	69	2	TBD
action	success	49	9	TBD
meditation	enlightenment	34	3	TBD
tissue	disease	17	5	TBD
condition	bad_breath	73	2	TBD
dehydration	water_retention	7	2	TBD
bipolar_disorder	depression	95	14	TBD
antibiotic	infection	41	3	TBD
stress	pimple	86	5	TBD
blister	discomfort	11	3	TBD
fear	anger	265	17	TBD
anxiety	mental_illness	35	6	TBD
stress	ed	22	6	TBD
growth_hormone	cancer	15	4	TBD
b	c	81	9	TBD
hazard	disaster	21	2	TBD
chemical_change	depression	7	2	TBD
insulin_resistance	diabetes	219	13	TBD
oppression	poverty	27	2	TBD
chemical	depression	28	3	TBD
environmental_factor	disease	82	3	TBD
situation	fear	23	6	TBD
abuse	neglect	13	2	TBD
volcano	earthquake	20	6	TBD
oxidative_stress	lipid_peroxidation	11	2	TBD
illness	health_problem	17	2	TBD
problem	bleeding	16	3	TBD
condition	infertility	155	2	TBD
death	loss	133	27	TBD
stress	reaction	27	8	TBD
disease	cancer_cell	18	5	TBD
divorce	pain	44	5	TBD
fatigue	failure	21	2	TBD
shallow_breathing	anxiety	7	2	TBD
toxin	asthma	20	2	TBD
hypertension	coronary_artery_disease	21	5	TBD
behaviour	disease	13	2	TBD
brain_change	addiction	15	4	TBD
hypertension	complication	51	6	TBD
fever	seizure	209	2	TBD
cancer	agent	169	7	TBD
conflict	error	54	2	TBD
depression	sleep_problem	33	8	TBD
anxiety	suicide	17	3	TBD
trouble	death	13	4	TBD
hyperventilation	panic	72	8	TBD
disease	distress	21	5	TBD
obesity	elevated_cholesterol	14	3	TBD
oxidative_stress	condition	15	2	TBD
production	problem	30	3	TBD
failure	damage	153	16	TBD
chemical_imbalance_in_the_brain	depression	121	7	TBD
bacteria	infectious_disease	264	8	TBD
age	wrinkle	27	5	TBD
bacteria	cancer	93	17	TBD
polycystic_ovary_syndrome	insulin_resistance	50	6	TBD
situation	confusion	57	4	TBD
guilt	shame	13	4	TBD
virus	leukemia	23	5	TBD
neglect	stress	31	5	TBD
smoking	cancer	1657	32	TBD
morality	religion	19	6	TBD
aging	disease	897	120	TBD
condition	scarring	27	4	TBD
surgery	wound	35	4	TBD
contaminated_water	disease	76	2	TBD
poverty	famine	6	2	TBD
event	birth	16	3	TBD
vaccine	death	209	4	TBD
shame	depression	24	3	TBD
infection	asthma	18	3	TBD
asbestos	mesothelioma	530	18	TBD
condition	fatigue	185	9	TBD
pollen	allergy	114	5	TBD
poverty	social_problem	70	7	TBD
failure	overload	6	2	TBD
depression	hardship	15	3	TBD
condition	symptom	1250	77	TBD
yeast_infection	diaper_rash	18	2	TBD
change	conflict	87	10	TBD
renal_failure	anemia	20	3	TBD
situation	failure	35	2	TBD
injury	fracture	64	16	TBD
medical_condition	anxiety	35	4	TBD
seizure	change	22	6	TBD
asbestos_exposure	mesothelioma	469	29	TBD
lack_of_control	stress	13	2	TBD
problem	difficulty	58	9	TBD
alzheimer_'s_disease	dementia	355	3	TBD
disease	loss_of_function	11	2	TBD
disorder	problem	71	12	TBD
depression	physical_pain	14	2	TBD
burning	damage	9	3	TBD
behavior	obesity	24	5	TBD
uric_acid	gout	85	4	TBD
alcohol	problem	389	7	TBD
mutation	condition	47	3	TBD
heart_disease	heart_attack	198	7	TBD
paralysis	respiratory_failure	15	4	TBD
deficiency	condition	100	7	TBD
anger	murder	20	3	TBD
aid	condition	29	3	TBD
migraine	headache	57	4	TBD
condition	confusion	70	2	TBD
hypertension	tinnitus	53	10	TBD
drug	depression	170	14	TBD
fear	war	71	10	TBD
problem	male_infertility	13	2	TBD
separation	fear	15	2	TBD
weather	change	29	2	TBD
delay	cost_overrun	9	2	TBD
kidney_stone	pain	121	21	TBD
construction_accident	injury	9	2	TBD
poor_posture	pain	88	4	TBD
osteoporosis	bone	39	4	TBD
toxicity	disease	20	3	TBD
law	death	21	6	TBD
complication	birth_injury	14	2	TBD
joint	pain	215	32	TBD
global_warming	increase	74	10	TBD
flu	sore_throat	28	2	TBD
success	pain	8	2	TBD
strabismus	amblyopia	85	4	TBD
anxiety	panic_attack	84	18	TBD
stress	acne	318	25	TBD
pathological_change	disease	13	4	TBD
condition	failure	30	9	TBD
allergy	condition	55	7	TBD
chronic_condition	back_pain	6	2	TBD
negative_thought	negative_action	10	2	TBD
diabetes	symptom	106	26	TBD
dry_mouth	infection	15	4	TBD
bacteria	periodontitis	16	5	TBD
loneliness	depression	73	19	TBD
stress	emotional_problem	38	10	TBD
fear	anxiety	140	22	TBD
chronic_inflammation	arthritis	17	3	TBD
puberty	hormonal_change	82	3	TBD
inflammation	ailment	8	2	TBD
god	event	68	2	TBD
event	resurrection	14	4	TBD
stem_cell	cancer	20	2	TBD
oxidative_stress	alzheimer_'s_disease	9	3	TBD
chain_of_event	murder	22	3	TBD
anxiety	nightmare	18	3	TBD
injury	health_problem	43	3	TBD
medical_condition	high_blood_pressure	23	6	TBD
surgery	pain	1212	7	TBD
disease	stroke	120	5	TBD
obesity	diabetes	585	49	TBD
disease	lesion	40	4	TBD
condition	fall	17	3	TBD
disorder	obesity	51	17	TBD
anxiety	mental_disorder	13	2	TBD
scar_tissue	problem	278	4	TBD
change	cancer	149	25	TBD
low_self-esteem	problem	34	5	TBD
injury	discomfort	43	2	TBD
toxin	infection	32	5	TBD
dna_damage	cancer	162	7	TBD
dandruff	hair_loss	50	12	TBD
unsanitary_condition	disease	35	2	TBD
fatigue	weight_gain	6	2	TBD
event	first_world_war	12	2	TBD
missing_teeth	problem	26	2	TBD
caffeine	crash	9	2	TBD
arthritis	symptom	326	9	TBD
pollution	problem	67	12	TBD
problem	vertigo	11	3	TBD
overpopulation	poverty	43	6	TBD
migration	problem	30	3	TBD
liver_disease	illness	25	4	TBD
fracture	surgery	18	3	TBD
alzheimer_'s_disease	change_in_the_brain	24	4	TBD
obesity	sleep_apnea	108	22	TBD
stress	cardiovascular_disease	10	2	TBD
hypertension	headache	20	3	TBD
increase	problem	14	2	TBD
enlarged_prostate	symptom	57	3	TBD
stress	erectile_dysfunction	145	4	TBD
bacteria	pid	27	3	TBD
curse	death	32	2	TBD
contaminant	cancer	36	7	TBD
damage	apoptosis	9	2	TBD
recession	problem	47	5	TBD
heat	condition	19	2	TBD
slavery	civil_war	103	2	TBD
asthma	disease	9	3	TBD
addiction	symptom	9	3	TBD
medical_problem	weight_gain	11	2	TBD
stress	imbalance	53	11	TBD
iron_deficiency	anemia	685	10	TBD
murder	death	200	3	TBD
condition	paralysis	27	5	TBD
positive_energy_balance	obesity	16	4	TBD
heat	fermentation	11	2	TBD
depression	insomnia	637	107	TBD
fear	panic	26	8	TBD
wound	complication	10	2	TBD
fever	nausea	6	2	TBD
change	effect	28	5	TBD
stroke	depression	47	6	TBD
carpet	allergy	10	2	TBD
shock	pancreatitis	10	1	TBD
hpv_virus	cervical_cancer	52	2	TBD
disease	deterioration	20	6	TBD
condition	severe_pain	115	2	TBD
fall	injury	487	10	TBD
diverticulosis	constipation	50	4	TBD
kidney_disease	problem	25	2	TBD
wound	pain	80	3	TBD
corruption	poverty	126	36	TBD
emotion	disease	91	11	TBD
pneumonia	complication	60	19	TBD
weight_gain	health_condition	77	5	TBD
aging	change	272	9	TBD
injury	sprain	17	5	TBD
peritoneal_dialysis	peritonitis	7	2	TBD
financial_crisis	recession	166	10	TBD
deficiency	liver_disease	9	2	TBD
poverty	violence	80	14	TBD
search	discovery	13	2	TBD
deregulation	change	13	3	TBD
free_radical	damage	1888	20	TBD
retrovirus	aid	145	7	TBD
problem	kidney_failure	22	6	TBD
good_health	happiness	33	11	TBD
condition	weakness	43	7	TBD
flooding	damage	471	18	TBD
infection	sepsis	78	6	TBD
weight_gain	health_problem	33	8	TBD
solution	problem	25	8	TBD
heart_disease	death	2681	2	TBD
famine	disease	15	5	TBD
complication	hospitalization	107	7	TBD
outbreak	illness	42	2	TBD
process	disease	30	7	TBD
heart_disease	illness	47	8	TBD
use_of_alcohol	problem	18	3	TBD
modernization	change	19	3	TBD
complication	death	1335	5	TBD
erosion	damage	115	3	TBD
obesity	high_blood_pressure	195	26	TBD
situation	problem	135	19	TBD
inflammation	pain	1446	54	TBD
panic_attack	agoraphobia	22	7	TBD
explosion	tsunami	19	6	TBD
microorganism	disease	275	82	TBD
dilated_cardiomyopathy	heart_failure	26	3	TBD
atherosclerosis	blood_clot	18	5	TBD
rising_oil_price	inflation	13	3	TBD
condition	muscle_weakness	26	2	TBD
osteoporosis	symptom	30	5	TBD
constipation	complication	56	3	TBD
oxidation_process	free_radical	7	2	TBD
chemical	disease	190	11	TBD
violence	illness	12	4	TBD
error	failure	192	16	TBD
human_papillomavirus	genital_wart	200	7	TBD
trauma	pain	286	11	TBD
nasal_polyp	chronic_sinusitis	10	2	TBD
addiction	illness	10	2	TBD
constipation	pain	32	7	TBD
depression	gambling	6	2	TBD
inflammation	chronic_pain	34	3	TBD
psychological_trauma	ptsd	7	2	TBD
condition	cerebral_palsy	44	5	TBD
chronic_pain	symptom	14	3	TBD
cancer	anxiety	40	4	TBD
stress	hormonal_imbalance	41	9	TBD
depression	lack_of_energy	19	3	TBD
scar	problem	25	5	TBD
sin	anxiety	10	2	TBD
justification	sanctification	25	3	TBD
heat	stress	21	4	TBD
vibration	noise	32	6	TBD
condition	osteoporosis	43	4	TBD
bone_marrow_suppression	neutropenia	9	2	TBD
gap	problem	22	4	TBD
hyperglycemia	diabetic_ketoacidosis	23	4	TBD
uncertainty	anxiety	94	4	TBD
effect	damage	84	2	TBD
shock	metabolic_acidosis	25	8	TBD
glutathione_depletion	oxidative_stress	7	2	TBD
risk	injury	37	4	TBD
event	loss	105	6	TBD
illness	suicide	22	2	TBD
lack_of_education	poverty	27	6	TBD
substance	inflammation	37	2	TBD
condition	problem	445	53	TBD
storm	lightning	18	3	TBD
chemical_imbalance_in_the_brain	disease	10	2	TBD
resistance	strength	28	2	TBD
change	resistance	21	2	TBD
mildew	damage	36	3	TBD
action	injury	248	2	TBD
stress	arthritis	19	2	TBD
action	problem	83	10	TBD
bacteria	ulcer	942	18	TBD
cell_damage	aging	16	5	TBD
protest	arrest	34	5	TBD
lack_of_confidence	depression	10	2	TBD
disease	hair_loss	230	10	TBD
epilepsy	seizure	1671	20	TBD
increase	hypertension	18	4	TBD
bacteria	illness	588	49	TBD
exposure	injury	158	3	TBD
kidney_failure	symptom	17	3	TBD
medication	depression	137	8	TBD
inflammation	damage_to_the_joint	26	7	TBD
smoking	death	1839	12	TBD
poverty	neglect	22	3	TBD
disease	high_rate	15	3	TBD
osteoarthritis	pain	1100	5	TBD
depression	action	24	5	TBD
higher_inflation	higher_interest_rate	17	3	TBD
multiple_sclerosis	nerve_damage	14	2	TBD
hypertension	heart_failure	106	3	TBD
destruction	problem	15	2	TBD
pollution	global_warming	317	7	TBD
god	faith	20	3	TBD
change	symptom	59	7	TBD
carbon_dioxide_emission	global_warming	121	10	TBD
panic_attack	chest_pain	8	2	TBD
war	hunger	10	3	TBD
divorce	loss	28	5	TBD
human_papillomavirus	cervical_cancer	470	9	TBD
tmj	symptom	43	2	TBD
lesion	infection	130	29	TBD
poverty	homelessness	46	3	TBD
